Statistique,Valeur_MW
Moyenne,3.454159867162014
Médiane,3.28708421459676
Écart-type,2.727126046638744
Min,-2.0
Max,15.0
